{
  "schemaVersion": 1,
  "generatedAt": "2026-07-10T19:37:59.056Z",
  "runId": "read-200-r3",
  "scenario": "read-mix",
  "scale": "10k",
  "targetRps": 200,
  "metrics": {
    "requestCount": 24002,
    "requestRate": 199.8342582987404,
    "iterationCount": 24000,
    "iterationRate": 199.81760683150443,
    "droppedIterations": null,
    "errorRate": 0,
    "checkRate": 1,
    "p50Ms": 8.6354205,
    "p90Ms": 13.441764600000003,
    "p95Ms": 15.890002550000004,
    "p99Ms": 23.447143710000066,
    "avgMs": 9.131416604532902,
    "maxMs": 99.923373,
    "receivedBytes": 242973022,
    "sentBytes": 24355426
  }
}
