{
  "schemaVersion": 1,
  "generatedAt": "2026-07-10T19:31:19.878Z",
  "runId": "read-200-warmup",
  "scenario": "read-mix",
  "scale": "10k",
  "targetRps": 200,
  "metrics": {
    "requestCount": 5726,
    "requestRate": 186.88398348381403,
    "iterationCount": 5724,
    "iterationRate": 186.81870790453223,
    "droppedIterations": 276,
    "errorRate": 0,
    "checkRate": 1,
    "p50Ms": 594.8440385,
    "p90Ms": 1706.8988650000001,
    "p95Ms": 2102.56895625,
    "p99Ms": 2815.363308,
    "avgMs": 725.7488749634979,
    "maxMs": 5780.788332,
    "receivedBytes": 54599775,
    "sentBytes": 5809828
  }
}
