{
  "schemaVersion": 1,
  "generatedAt": "2026-07-10T17:10:58.715Z",
  "runId": "global-permission",
  "scenario": "global-permission",
  "scale": "100k",
  "targetRps": 1,
  "metrics": {
    "requestCount": 23,
    "requestRate": 16.879124165848452,
    "iterationCount": 10,
    "iterationRate": 7.338749637325415,
    "droppedIterations": null,
    "errorRate": 0,
    "checkRate": 1,
    "p50Ms": 49.610468,
    "p90Ms": 95.88806079999999,
    "p95Ms": 102.59733629999998,
    "p99Ms": 116.44338024000002,
    "avgMs": 58.164984826086965,
    "maxMs": 120.141362,
    "receivedBytes": 283441,
    "sentBytes": 14967
  }
}
