{
  "schemaVersion": 1,
  "generatedAt": "2026-07-10T17:10:49.719Z",
  "runId": "write-contention",
  "scenario": "write-contention",
  "scale": "100k",
  "targetRps": 1,
  "metrics": {
    "requestCount": 39980,
    "requestRate": 331.0495200113001,
    "iterationCount": 39977,
    "iterationRate": 331.02467887673197,
    "droppedIterations": null,
    "errorRate": 0.00312656328164082,
    "checkRate": 0.9968734367183592,
    "p50Ms": 44.5253595,
    "p90Ms": 105.79077639999998,
    "p95Ms": 142.32480469999965,
    "p99Ms": 228.19171551,
    "avgMs": 58.80618909104599,
    "maxMs": 1133.820787,
    "receivedBytes": 18604447,
    "sentBytes": 41656297
  }
}
