{
  "schemaVersion": 1,
  "generatedAt": "2026-07-10T17:55:55.546Z",
  "runId": "login-40-r1",
  "scenario": "login",
  "scale": "100k",
  "targetRps": 1,
  "metrics": {
    "requestCount": 5828,
    "requestRate": 48.32080648405571,
    "iterationCount": 5828,
    "iterationRate": 48.32080648405571,
    "droppedIterations": null,
    "errorRate": 0,
    "checkRate": 1,
    "p50Ms": 802.4143755,
    "p90Ms": 1106.460259,
    "p95Ms": 1211.1440134,
    "p99Ms": 1498.3937759599996,
    "avgMs": 825.5496731491077,
    "maxMs": 2312.293429,
    "receivedBytes": 15666424,
    "sentBytes": 1293816
  }
}
