{
  "schemaVersion": 1,
  "generatedAt": "2026-07-10T17:38:35.668Z",
  "runId": "login-5-r2",
  "scenario": "login",
  "scale": "100k",
  "targetRps": 1,
  "metrics": {
    "requestCount": 6800,
    "requestRate": 56.636354165443954,
    "iterationCount": 6800,
    "iterationRate": 56.636354165443954,
    "droppedIterations": null,
    "errorRate": 0,
    "checkRate": 1,
    "p50Ms": 84.789292,
    "p90Ms": 98.7425437,
    "p95Ms": 113.24453374999993,
    "p99Ms": 139.40738344000002,
    "avgMs": 87.88387083750027,
    "maxMs": 262.660966,
    "receivedBytes": 18279635,
    "sentBytes": 1509600
  }
}
