{
  "schemaVersion": 1,
  "generatedAt": "2026-07-10T17:42:58.779Z",
  "runId": "login-10-r1",
  "scenario": "login",
  "scale": "100k",
  "targetRps": 1,
  "metrics": {
    "requestCount": 6668,
    "requestRate": 55.514637305371515,
    "iterationCount": 6668,
    "iterationRate": 55.514637305371515,
    "droppedIterations": null,
    "errorRate": 0,
    "checkRate": 1,
    "p50Ms": 185.6009725,
    "p90Ms": 204.3647879,
    "p95Ms": 215.1426397,
    "p99Ms": 263.4931918699999,
    "avgMs": 179.7004961964614,
    "maxMs": 403.065728,
    "receivedBytes": 17924724,
    "sentBytes": 1480296
  }
}
