{
  "schemaVersion": 1,
  "generatedAt": "2026-07-10T17:49:26.678Z",
  "runId": "login-20-r1",
  "scenario": "login",
  "scale": "100k",
  "targetRps": 1,
  "metrics": {
    "requestCount": 5824,
    "requestRate": 48.470381520149665,
    "iterationCount": 5824,
    "iterationRate": 48.470381520149665,
    "droppedIterations": null,
    "errorRate": 0,
    "checkRate": 1,
    "p50Ms": 400.87987350000003,
    "p90Ms": 497.4616447,
    "p95Ms": 503.7869886,
    "p99Ms": 592.6026201799996,
    "avgMs": 411.90535658121564,
    "maxMs": 800.40292,
    "receivedBytes": 15655672,
    "sentBytes": 1292928
  }
}
