{
  "schemaVersion": 1,
  "generatedAt": "2026-07-10T17:29:55.364Z",
  "runId": "login-1-r1",
  "scenario": "login",
  "scale": "100k",
  "targetRps": 1,
  "metrics": {
    "requestCount": 1418,
    "requestRate": 11.814631809296253,
    "iterationCount": 1418,
    "iterationRate": 11.814631809296253,
    "droppedIterations": null,
    "errorRate": 0,
    "checkRate": 1,
    "p50Ms": 80.04443549999999,
    "p90Ms": 96.7521464,
    "p95Ms": 111.66231764999998,
    "p99Ms": 138.8676342,
    "avgMs": 84.2914781854725,
    "maxMs": 483.170294,
    "receivedBytes": 3811850,
    "sentBytes": 314796
  }
}
