{
  "schemaVersion": 1,
  "generatedAt": "2026-07-10T17:53:47.864Z",
  "runId": "login-20-r3",
  "scenario": "login",
  "scale": "100k",
  "targetRps": 1,
  "metrics": {
    "requestCount": 5867,
    "requestRate": 48.82749482276195,
    "iterationCount": 5867,
    "iterationRate": 48.82749482276195,
    "droppedIterations": null,
    "errorRate": 0,
    "checkRate": 1,
    "p50Ms": 400.906674,
    "p90Ms": 495.9965204,
    "p95Ms": 501.4909426,
    "p99Ms": 568.64888466,
    "avgMs": 408.8306242374281,
    "maxMs": 663.217751,
    "receivedBytes": 15771256,
    "sentBytes": 1302474
  }
}
