{
  "schemaVersion": 1,
  "generatedAt": "2026-07-10T17:40:45.711Z",
  "runId": "login-5-r3",
  "scenario": "login",
  "scale": "100k",
  "targetRps": 1,
  "metrics": {
    "requestCount": 6778,
    "requestRate": 56.448977816983934,
    "iterationCount": 6778,
    "iterationRate": 56.448977816983934,
    "droppedIterations": null,
    "errorRate": 0,
    "checkRate": 1,
    "p50Ms": 85.09075849999999,
    "p90Ms": 97.4861281,
    "p95Ms": 109.2269836,
    "p99Ms": 154.5189743599999,
    "avgMs": 88.16765940808496,
    "maxMs": 230.095122,
    "receivedBytes": 18220499,
    "sentBytes": 1504716
  }
}
