{
  "schemaVersion": 1,
  "generatedAt": "2026-07-10T17:45:08.285Z",
  "runId": "login-10-r2",
  "scenario": "login",
  "scale": "100k",
  "targetRps": 1,
  "metrics": {
    "requestCount": 6592,
    "requestRate": 54.91863196108708,
    "iterationCount": 6592,
    "iterationRate": 54.91863196108708,
    "droppedIterations": null,
    "errorRate": 0,
    "checkRate": 1,
    "p50Ms": 186.9975695,
    "p90Ms": 204.7659298,
    "p95Ms": 215.11747444999997,
    "p99Ms": 260.53595565000006,
    "avgMs": 181.6979039443265,
    "maxMs": 364.193098,
    "receivedBytes": 17720436,
    "sentBytes": 1463424
  }
}
