{
  "schemaVersion": 1,
  "generatedAt": "2026-07-10T18:00:14.696Z",
  "runId": "login-40-r3",
  "scenario": "login",
  "scale": "100k",
  "targetRps": 1,
  "metrics": {
    "requestCount": 5840,
    "requestRate": 48.38875493927464,
    "iterationCount": 5840,
    "iterationRate": 48.38875493927464,
    "droppedIterations": null,
    "errorRate": 0,
    "checkRate": 1,
    "p50Ms": 801.8048285,
    "p90Ms": 1102.7280385,
    "p95Ms": 1207.77883145,
    "p99Ms": 1496.8171081499997,
    "avgMs": 824.0288663486274,
    "maxMs": 2505.20193,
    "receivedBytes": 15698680,
    "sentBytes": 1296480
  }
}
