{
  "schemaVersion": 1,
  "generatedAt": "2026-07-10T16:47:25.564Z",
  "runId": "read-100-r2",
  "scenario": "read-mix",
  "scale": "100k",
  "targetRps": 100,
  "metrics": {
    "requestCount": 6216,
    "requestRate": 49.538178390197864,
    "iterationCount": 6214,
    "iterationRate": 49.52223946536189,
    "droppedIterations": 5786,
    "errorRate": 0,
    "checkRate": 1,
    "p50Ms": 3088.292953,
    "p90Ms": 7291.4387895,
    "p95Ms": 8992.76505675,
    "p99Ms": 12658.709249150026,
    "avgMs": 3638.089338908779,
    "maxMs": 21380.344919,
    "receivedBytes": 108259492,
    "sentBytes": 6304328
  }
}
