{
  "schemaVersion": 1,
  "generatedAt": "2026-07-10T16:42:07.490Z",
  "runId": "read-50-r3",
  "scenario": "read-mix",
  "scale": "100k",
  "targetRps": 50,
  "metrics": {
    "requestCount": 6002,
    "requestRate": 49.90876574386878,
    "iterationCount": 6000,
    "iterationRate": 49.89213503219138,
    "droppedIterations": null,
    "errorRate": 0,
    "checkRate": 1,
    "p50Ms": 11.773166,
    "p90Ms": 53.49106370000002,
    "p95Ms": 231.88668179999988,
    "p99Ms": 415.9632719699983,
    "avgMs": 36.70815981306237,
    "maxMs": 737.548814,
    "receivedBytes": 131150758,
    "sentBytes": 6090582
  }
}
