{
  "schemaVersion": 1,
  "generatedAt": "2026-07-10T16:42:54.370Z",
  "runId": "read-100-warmup",
  "scenario": "read-mix",
  "scale": "100k",
  "targetRps": 100,
  "metrics": {
    "requestCount": 1979,
    "requestRate": 55.02399879937602,
    "iterationCount": 1977,
    "iterationRate": 54.9683909178203,
    "droppedIterations": 1023,
    "errorRate": 0,
    "checkRate": 1,
    "p50Ms": 2181.433238,
    "p90Ms": 5585.9735992,
    "p95Ms": 6811.4215637,
    "p99Ms": 10102.182909600002,
    "avgMs": 2618.4453053031816,
    "maxMs": 13994.097246,
    "receivedBytes": 39224660,
    "sentBytes": 2004410
  }
}
