{
  "schemaVersion": 1,
  "generatedAt": "2026-07-10T16:37:46.222Z",
  "runId": "read-50-r1",
  "scenario": "read-mix",
  "scale": "100k",
  "targetRps": 50,
  "metrics": {
    "requestCount": 5961,
    "requestRate": 48.96202751168677,
    "iterationCount": 5959,
    "iterationRate": 48.94560005739666,
    "droppedIterations": 41,
    "errorRate": 0,
    "checkRate": 1,
    "p50Ms": 20.450784,
    "p90Ms": 402.351628,
    "p95Ms": 681.384197,
    "p99Ms": 2442.6048847998745,
    "avgMs": 158.87798875759105,
    "maxMs": 6737.932346,
    "receivedBytes": 123534133,
    "sentBytes": 6048530
  }
}
