{
  "schemaVersion": 1,
  "generatedAt": "2026-07-10T16:35:36.177Z",
  "runId": "read-50-warmup",
  "scenario": "read-mix",
  "scale": "100k",
  "targetRps": 50,
  "metrics": {
    "requestCount": 1503,
    "requestRate": 49.283801130783594,
    "iterationCount": 1501,
    "iterationRate": 49.218220557089936,
    "droppedIterations": null,
    "errorRate": 0,
    "checkRate": 1,
    "p50Ms": 21.433975,
    "p90Ms": 98.19146319999997,
    "p95Ms": 272.77303589999985,
    "p99Ms": 664.0046629800006,
    "avgMs": 56.11862819228209,
    "maxMs": 900.448077,
    "receivedBytes": 33952359,
    "sentBytes": 1525428
  }
}
