{
  "schemaVersion": 1,
  "generatedAt": "2026-07-10T16:39:57.974Z",
  "runId": "read-50-r2",
  "scenario": "read-mix",
  "scale": "100k",
  "targetRps": 50,
  "metrics": {
    "requestCount": 6003,
    "requestRate": 49.95170448201638,
    "iterationCount": 6001,
    "iterationRate": 49.93506223497923,
    "droppedIterations": null,
    "errorRate": 0,
    "checkRate": 1,
    "p50Ms": 14.099956,
    "p90Ms": 59.64825380000001,
    "p95Ms": 232.45206739999998,
    "p99Ms": 432.52290995999635,
    "avgMs": 39.63414098667337,
    "maxMs": 1185.687713,
    "receivedBytes": 131690414,
    "sentBytes": 6091804
  }
}
