{
  "schemaVersion": 1,
  "generatedAt": "2026-07-10T16:45:07.888Z",
  "runId": "read-100-r1",
  "scenario": "read-mix",
  "scale": "100k",
  "targetRps": 100,
  "metrics": {
    "requestCount": 5764,
    "requestRate": 45.68195390169172,
    "iterationCount": 5762,
    "iterationRate": 45.666103119630066,
    "droppedIterations": 6239,
    "errorRate": 0,
    "checkRate": 1,
    "p50Ms": 3392.1699550000003,
    "p90Ms": 7872.3498096,
    "p95Ms": 9858.664868749995,
    "p99Ms": 13664.668998869996,
    "avgMs": 4010.078829383071,
    "maxMs": 24085.902697,
    "receivedBytes": 96306677,
    "sentBytes": 5846246
  }
}
