{
  "schemaVersion": 1,
  "generatedAt": "2026-07-10T16:49:47.582Z",
  "runId": "read-100-r3",
  "scenario": "read-mix",
  "scale": "100k",
  "targetRps": 100,
  "metrics": {
    "requestCount": 6040,
    "requestRate": 47.79646592288246,
    "iterationCount": 6038,
    "iterationRate": 47.78063927853714,
    "droppedIterations": 5962,
    "errorRate": 0,
    "checkRate": 1,
    "p50Ms": 3278.008734,
    "p90Ms": 7473.578802300006,
    "p95Ms": 9241.2752098,
    "p99Ms": 12918.681251609978,
    "avgMs": 3790.7337605936996,
    "maxMs": 19454.649292,
    "receivedBytes": 102713053,
    "sentBytes": 6126258
  }
}
