{
  "schemaVersion": 1,
  "generatedAt": "2026-07-10T17:14:42.532Z",
  "runId": "global-permission",
  "scenario": "global-permission",
  "scale": "100k",
  "targetRps": 1,
  "metrics": {
    "requestCount": 23,
    "requestRate": 15.113035143876235,
    "iterationCount": 10,
    "iterationRate": 6.57088484516358,
    "droppedIterations": null,
    "errorRate": 0,
    "checkRate": 1,
    "p50Ms": 79.789398,
    "p90Ms": 123.43396080000002,
    "p95Ms": 128.0654733,
    "p99Ms": 136.52689006,
    "avgMs": 64.75446430434782,
    "maxMs": 138.905261,
    "receivedBytes": 283441,
    "sentBytes": 14967
  }
}
