{
  "schemaVersion": 1,
  "generatedAt": "2026-07-10T17:14:28.045Z",
  "runId": "write-contention",
  "scenario": "write-contention",
  "scale": "100k",
  "targetRps": 1,
  "metrics": {
    "requestCount": 40359,
    "requestRate": 297.2384615742488,
    "iterationCount": 40356,
    "iterationRate": 297.21636698853746,
    "droppedIterations": null,
    "errorRate": 0.003097202606605714,
    "checkRate": 0.9969027973933943,
    "p50Ms": 40.739178,
    "p90Ms": 92.83444080000002,
    "p95Ms": 125.99288579999997,
    "p99Ms": 204.6474202,
    "avgMs": 53.44217552508733,
    "maxMs": 1101.474975,
    "receivedBytes": 18777902,
    "sentBytes": 42045989
  }
}
