{
  "schemaVersion": 1,
  "generatedAt": "2026-07-10T15:14:19.155Z",
  "runId": "auth-1-r3",
  "scenario": "auth-flow",
  "scale": "100k",
  "targetRps": 1,
  "metrics": {
    "requestCount": 11502,
    "requestRate": 95.84076649449827,
    "iterationCount": 2876,
    "iterationRate": 23.96435788890428,
    "droppedIterations": null,
    "errorRate": 0.0000869414014953921,
    "checkRate": 1,
    "p50Ms": 7.6217475,
    "p90Ms": 9.6932197,
    "p95Ms": 10.814485849999999,
    "p99Ms": 14.244480659999992,
    "avgMs": 7.541960851851861,
    "maxMs": 76.786229,
    "receivedBytes": 14604065,
    "sentBytes": 11301847
  }
}
