{
  "schemaVersion": 1,
  "generatedAt": "2026-07-10T15:12:11.184Z",
  "runId": "auth-1-r2",
  "scenario": "auth-flow",
  "scale": "100k",
  "targetRps": 1,
  "metrics": {
    "requestCount": 15689,
    "requestRate": 130.7034421650823,
    "iterationCount": 3922,
    "iterationRate": 32.6737778170344,
    "droppedIterations": null,
    "errorRate": 0,
    "checkRate": 1,
    "p50Ms": 7.510352,
    "p90Ms": 9.437356000000001,
    "p95Ms": 10.362897199999999,
    "p99Ms": 12.80408184,
    "avgMs": 7.372639054942955,
    "maxMs": 88.747841,
    "receivedBytes": 19921510,
    "sentBytes": 15417604
  }
}
