{
  "schemaVersion": 1,
  "generatedAt": "2026-07-10T15:18:33.964Z",
  "runId": "auth-5-r2",
  "scenario": "auth-flow",
  "scale": "100k",
  "targetRps": 1,
  "metrics": {
    "requestCount": 55157,
    "requestRate": 459.46105211356587,
    "iterationCount": 13788,
    "iterationRate": 114.85485045491681,
    "droppedIterations": null,
    "errorRate": 0.00007252026034773465,
    "checkRate": 0.9999585603878748,
    "p50Ms": 8.433672,
    "p90Ms": 10.895617200000002,
    "p95Ms": 12.483266799999999,
    "p99Ms": 18.13908448,
    "avgMs": 8.436098298293922,
    "maxMs": 103.539992,
    "receivedBytes": 70037172,
    "sentBytes": 54197774
  }
}
