{
  "schemaVersion": 1,
  "generatedAt": "2026-07-10T15:16:27.021Z",
  "runId": "auth-5-r1",
  "scenario": "auth-flow",
  "scale": "100k",
  "targetRps": 1,
  "metrics": {
    "requestCount": 40209,
    "requestRate": 335.0093838700002,
    "iterationCount": 10054,
    "iterationRate": 83.76692644504917,
    "droppedIterations": null,
    "errorRate": 0.00022383048571215399,
    "checkRate": 0.9999289368959636,
    "p50Ms": 8.1933,
    "p90Ms": 9.9605326,
    "p95Ms": 10.7456088,
    "p99Ms": 14.376892079999942,
    "avgMs": 7.953152154641977,
    "maxMs": 125.079796,
    "receivedBytes": 51052266,
    "sentBytes": 39502705
  }
}
