{
  "schemaVersion": 1,
  "generatedAt": "2026-07-10T13:40:33.048Z",
  "runId": "login-5-r3",
  "scenario": "login",
  "scale": "100k",
  "targetRps": 1,
  "metrics": {
    "requestCount": 6798,
    "requestRate": 56.62483211658743,
    "iterationCount": 6798,
    "iterationRate": 56.62483211658743,
    "droppedIterations": null,
    "errorRate": 0,
    "checkRate": 1,
    "p50Ms": 85.1071665,
    "p90Ms": 97.1152323,
    "p95Ms": 106.12074339999995,
    "p99Ms": 151.36272295999999,
    "avgMs": 87.90546028699593,
    "maxMs": 260.654032,
    "receivedBytes": 17879975,
    "sentBytes": 1509156
  }
}
