{
  "schemaVersion": 1,
  "generatedAt": "2026-07-10T13:42:39.828Z",
  "runId": "login-10-r1",
  "scenario": "login",
  "scale": "100k",
  "targetRps": 1,
  "metrics": {
    "requestCount": 6490,
    "requestRate": 54.01097285170139,
    "iterationCount": 6490,
    "iterationRate": 54.01097285170139,
    "droppedIterations": null,
    "errorRate": 0,
    "checkRate": 1,
    "p50Ms": 188.699432,
    "p90Ms": 208.9749956,
    "p95Ms": 228.32887239999994,
    "p99Ms": 266.71434844,
    "avgMs": 184.72397363143347,
    "maxMs": 341.467464,
    "receivedBytes": 17069840,
    "sentBytes": 1440780
  }
}
