{
  "schemaVersion": 1,
  "generatedAt": "2026-07-10T13:33:58.272Z",
  "runId": "login-1-r3",
  "scenario": "login",
  "scale": "100k",
  "targetRps": 1,
  "metrics": {
    "requestCount": 1526,
    "requestRate": 12.711993158526571,
    "iterationCount": 1526,
    "iterationRate": 12.711993158526571,
    "droppedIterations": null,
    "errorRate": 0,
    "checkRate": 1,
    "p50Ms": 76.126925,
    "p90Ms": 82.958561,
    "p95Ms": 90.694602,
    "p99Ms": 143.18522175,
    "avgMs": 78.31068098492787,
    "maxMs": 170.223125,
    "receivedBytes": 4013665,
    "sentBytes": 338772
  }
}
