{
  "schemaVersion": 1,
  "generatedAt": "2026-07-10T13:59:41.372Z",
  "runId": "login-40-r3",
  "scenario": "login",
  "scale": "100k",
  "targetRps": 1,
  "metrics": {
    "requestCount": 5707,
    "requestRate": 47.292194276275616,
    "iterationCount": 5707,
    "iterationRate": 47.292194276275616,
    "droppedIterations": null,
    "errorRate": 0,
    "checkRate": 1,
    "p50Ms": 808.094819,
    "p90Ms": 1114.7048692000012,
    "p95Ms": 1281.1774189999999,
    "p99Ms": 1515.160895699999,
    "avgMs": 843.1492941489373,
    "maxMs": 2396.972711,
    "receivedBytes": 15010170,
    "sentBytes": 1266954
  }
}
