{
  "schemaVersion": 1,
  "generatedAt": "2026-07-10T13:31:52.198Z",
  "runId": "login-1-r2",
  "scenario": "login",
  "scale": "100k",
  "targetRps": 1,
  "metrics": {
    "requestCount": 1510,
    "requestRate": 12.579838724373136,
    "iterationCount": 1510,
    "iterationRate": 12.579838724373136,
    "droppedIterations": null,
    "errorRate": 0,
    "checkRate": 1,
    "p50Ms": 76.835262,
    "p90Ms": 84.92841160000005,
    "p95Ms": 92.28901044999999,
    "p99Ms": 128.43190760000005,
    "avgMs": 79.13874365430465,
    "maxMs": 177.857369,
    "receivedBytes": 3971585,
    "sentBytes": 335220
  }
}
