{
  "schemaVersion": 1,
  "generatedAt": "2026-07-10T13:36:11.708Z",
  "runId": "login-5-r1",
  "scenario": "login",
  "scale": "100k",
  "targetRps": 1,
  "metrics": {
    "requestCount": 6685,
    "requestRate": 55.6736113215902,
    "iterationCount": 6685,
    "iterationRate": 55.6736113215902,
    "droppedIterations": null,
    "errorRate": 0,
    "checkRate": 1,
    "p50Ms": 86.349278,
    "p90Ms": 101.59111220000001,
    "p95Ms": 111.43811939999983,
    "p99Ms": 147.12306364,
    "avgMs": 89.39711697337337,
    "maxMs": 262.790398,
    "receivedBytes": 17582785,
    "sentBytes": 1484070
  }
}
