{
  "schemaVersion": 1,
  "generatedAt": "2026-07-10T13:49:00.434Z",
  "runId": "login-20-r1",
  "scenario": "login",
  "scale": "100k",
  "targetRps": 1,
  "metrics": {
    "requestCount": 5779,
    "requestRate": 48.08854177184315,
    "iterationCount": 5779,
    "iterationRate": 48.08854177184315,
    "droppedIterations": null,
    "errorRate": 0,
    "checkRate": 1,
    "p50Ms": 401.494447,
    "p90Ms": 497.61787919999995,
    "p95Ms": 502.6863662,
    "p99Ms": 591.0136837800002,
    "avgMs": 415.11537601938085,
    "maxMs": 820.973764,
    "receivedBytes": 15199530,
    "sentBytes": 1282938
  }
}
