{
  "schemaVersion": 1,
  "generatedAt": "2026-07-10T13:29:45.483Z",
  "runId": "login-1-r1",
  "scenario": "login",
  "scale": "100k",
  "targetRps": 1,
  "metrics": {
    "requestCount": 1407,
    "requestRate": 11.724941736419524,
    "iterationCount": 1407,
    "iterationRate": 11.724941736419524,
    "droppedIterations": null,
    "errorRate": 0,
    "checkRate": 1,
    "p50Ms": 80.537916,
    "p90Ms": 95.59391120000002,
    "p95Ms": 107.97674610000001,
    "p99Ms": 153.10972402000002,
    "avgMs": 84.92823030561475,
    "maxMs": 709.614457,
    "receivedBytes": 3700676,
    "sentBytes": 312354
  }
}
