{
  "schemaVersion": 1,
  "generatedAt": "2026-07-10T13:57:33.082Z",
  "runId": "login-40-r2",
  "scenario": "login",
  "scale": "100k",
  "targetRps": 1,
  "metrics": {
    "requestCount": 5744,
    "requestRate": 47.61649750896532,
    "iterationCount": 5744,
    "iterationRate": 47.61649750896532,
    "droppedIterations": null,
    "errorRate": 0,
    "checkRate": 1,
    "p50Ms": 804.1249045,
    "p90Ms": 1125.5183153,
    "p95Ms": 1269.7739405499995,
    "p99Ms": 1520.7179980299961,
    "avgMs": 837.6123848255576,
    "maxMs": 3421.650262,
    "receivedBytes": 15107480,
    "sentBytes": 1275168
  }
}
