{
  "schemaVersion": 1,
  "generatedAt": "2026-07-10T13:46:53.669Z",
  "runId": "login-10-r3",
  "scenario": "login",
  "scale": "100k",
  "targetRps": 1,
  "metrics": {
    "requestCount": 6361,
    "requestRate": 52.973890704182274,
    "iterationCount": 6361,
    "iterationRate": 52.973890704182274,
    "droppedIterations": null,
    "errorRate": 0,
    "checkRate": 1,
    "p50Ms": 189.918153,
    "p90Ms": 216.19684,
    "p95Ms": 245.374429,
    "p99Ms": 282.3086817999998,
    "avgMs": 188.31333499559838,
    "maxMs": 633.09122,
    "receivedBytes": 16730570,
    "sentBytes": 1412142
  }
}
