{
  "schemaVersion": 1,
  "generatedAt": "2026-07-10T16:16:14.978Z",
  "runId": "read-200-r2",
  "scenario": "read-mix",
  "scale": "10k",
  "targetRps": 200,
  "metrics": {
    "requestCount": 24003,
    "requestRate": 199.84927029332303,
    "iterationCount": 24001,
    "iterationRate": 199.83261826896828,
    "droppedIterations": null,
    "errorRate": 0,
    "checkRate": 1,
    "p50Ms": 8.307996,
    "p90Ms": 13.318527,
    "p95Ms": 15.8636995,
    "p99Ms": 28.378056099999938,
    "avgMs": 9.074239662042265,
    "maxMs": 142.791731,
    "receivedBytes": 242913679,
    "sentBytes": 24356214
  }
}
