{
  "schemaVersion": 1,
  "generatedAt": "2026-07-10T16:28:57.102Z",
  "runId": "read-800-r1",
  "scenario": "read-mix",
  "scale": "10k",
  "targetRps": 800,
  "metrics": {
    "requestCount": 47557,
    "requestRate": 383.1280168679182,
    "iterationCount": 47555,
    "iterationRate": 383.11190449679015,
    "droppedIterations": 48445,
    "errorRate": 0,
    "checkRate": 1,
    "p50Ms": 4005.101982,
    "p90Ms": 4694.3052677999995,
    "p95Ms": 4958.735096599999,
    "p99Ms": 5409.361159320002,
    "avgMs": 3940.1982024734875,
    "maxMs": 6866.004976,
    "receivedBytes": 469368285,
    "sentBytes": 48255970
  }
}
