{
  "schemaVersion": 1,
  "generatedAt": "2026-07-10T16:23:34.513Z",
  "runId": "read-400-r2",
  "scenario": "read-mix",
  "scale": "10k",
  "targetRps": 400,
  "metrics": {
    "requestCount": 47841,
    "requestRate": 367.7284512475315,
    "iterationCount": 47839,
    "iterationRate": 367.7130783058602,
    "droppedIterations": 159,
    "errorRate": 0,
    "checkRate": 1,
    "p50Ms": 49.23655,
    "p90Ms": 294.796281,
    "p95Ms": 397.823899,
    "p99Ms": 654.0119893999989,
    "avgMs": 111.94236761079392,
    "maxMs": 1690.230151,
    "receivedBytes": 483662582,
    "sentBytes": 48546380
  }
}
