{
  "schemaVersion": 1,
  "generatedAt": "2026-07-10T15:59:27.918Z",
  "runId": "read-50-r1",
  "scenario": "read-mix",
  "scale": "10k",
  "targetRps": 50,
  "metrics": {
    "requestCount": 6002,
    "requestRate": 49.96920199270036,
    "iterationCount": 6000,
    "iterationRate": 49.952551142319585,
    "droppedIterations": null,
    "errorRate": 0,
    "checkRate": 1,
    "p50Ms": 8.5920865,
    "p90Ms": 13.232742200000004,
    "p95Ms": 15.3362413,
    "p99Ms": 18.938705059999997,
    "avgMs": 9.185953095301587,
    "maxMs": 106.235409,
    "receivedBytes": 60768613,
    "sentBytes": 6089781
  }
}
