{
  "schemaVersion": 1,
  "generatedAt": "2026-07-10T16:18:28.493Z",
  "runId": "read-200-r3",
  "scenario": "read-mix",
  "scale": "10k",
  "targetRps": 200,
  "metrics": {
    "requestCount": 24003,
    "requestRate": 199.8329563823827,
    "iterationCount": 24001,
    "iterationRate": 199.81630571735062,
    "droppedIterations": null,
    "errorRate": 0,
    "checkRate": 1,
    "p50Ms": 8.479808,
    "p90Ms": 13.992412399999996,
    "p95Ms": 16.524217299999993,
    "p99Ms": 26.572010319999965,
    "avgMs": 9.239584623463728,
    "maxMs": 100.429248,
    "receivedBytes": 243017465,
    "sentBytes": 24356448
  }
}
