{
  "schemaVersion": 1,
  "generatedAt": "2026-07-10T16:11:11.963Z",
  "runId": "read-100-r3",
  "scenario": "read-mix",
  "scale": "10k",
  "targetRps": 100,
  "metrics": {
    "requestCount": 12001,
    "requestRate": 99.92753316162569,
    "iterationCount": 11999,
    "iterationRate": 99.91087996053218,
    "droppedIterations": 2,
    "errorRate": 0,
    "checkRate": 1,
    "p50Ms": 7.69145,
    "p90Ms": 13.502229,
    "p95Ms": 15.646362,
    "p99Ms": 34.000903,
    "avgMs": 9.43562053112241,
    "maxMs": 409.30842,
    "receivedBytes": 121837905,
    "sentBytes": 12178110
  }
}
