{
  "schemaVersion": 1,
  "generatedAt": "2026-07-10T16:09:03.936Z",
  "runId": "read-100-r2",
  "scenario": "read-mix",
  "scale": "10k",
  "targetRps": 100,
  "metrics": {
    "requestCount": 12003,
    "requestRate": 99.94467827246328,
    "iterationCount": 12001,
    "iterationRate": 99.9280249894053,
    "droppedIterations": null,
    "errorRate": 0,
    "checkRate": 1,
    "p50Ms": 7.095577,
    "p90Ms": 10.4835586,
    "p95Ms": 13.4138192,
    "p99Ms": 15.37696773999999,
    "avgMs": 7.518359776055981,
    "maxMs": 81.450142,
    "receivedBytes": 121498111,
    "sentBytes": 12179340
  }
}
