{
  "schemaVersion": 1,
  "generatedAt": "2026-07-10T16:21:17.341Z",
  "runId": "read-400-r1",
  "scenario": "read-mix",
  "scale": "10k",
  "targetRps": 400,
  "metrics": {
    "requestCount": 43053,
    "requestRate": 352.15126011534494,
    "iterationCount": 43051,
    "iterationRate": 352.13490115034296,
    "droppedIterations": 4950,
    "errorRate": 0,
    "checkRate": 1,
    "p50Ms": 1977.708981,
    "p90Ms": 2704.7300318000002,
    "p95Ms": 2966.2980824,
    "p99Ms": 3483.5799858400114,
    "avgMs": 1978.3550949886442,
    "maxMs": 5074.391542,
    "receivedBytes": 430844173,
    "sentBytes": 43685966
  }
}
