{
  "schemaVersion": 1,
  "generatedAt": "2026-07-10T16:25:51.811Z",
  "runId": "read-400-r3",
  "scenario": "read-mix",
  "scale": "10k",
  "targetRps": 400,
  "metrics": {
    "requestCount": 44783,
    "requestRate": 368.1912062758839,
    "iterationCount": 44781,
    "iterationRate": 368.1747629287979,
    "droppedIterations": 3219,
    "errorRate": 0.00029028872563249445,
    "checkRate": 0.9997097112743675,
    "p50Ms": 1657.785381,
    "p90Ms": 2469.3835242000005,
    "p95Ms": 2732.2509328,
    "p99Ms": 3311.91165448,
    "avgMs": 1451.6518541875535,
    "maxMs": 6061.378925,
    "receivedBytes": 450235654,
    "sentBytes": 45430210
  }
}
