{
  "schemaVersion": 1,
  "generatedAt": "2026-07-10T16:11:53.653Z",
  "runId": "read-200-warmup",
  "scenario": "read-mix",
  "scale": "10k",
  "targetRps": 200,
  "metrics": {
    "requestCount": 6003,
    "requestRate": 199.28761086330908,
    "iterationCount": 6001,
    "iterationRate": 199.2212148576908,
    "droppedIterations": null,
    "errorRate": 0,
    "checkRate": 1,
    "p50Ms": 7.973175,
    "p90Ms": 12.417267,
    "p95Ms": 14.832069899999999,
    "p99Ms": 20.765918119999977,
    "avgMs": 8.514069370481442,
    "maxMs": 98.191574,
    "receivedBytes": 61124678,
    "sentBytes": 6090970
  }
}
