{
  "schemaVersion": 1,
  "generatedAt": "2026-07-10T16:19:07.837Z",
  "runId": "read-400-warmup",
  "scenario": "read-mix",
  "scale": "10k",
  "targetRps": 400,
  "metrics": {
    "requestCount": 11906,
    "requestRate": 390.48219278249525,
    "iterationCount": 11904,
    "iterationRate": 390.4165985959032,
    "droppedIterations": 97,
    "errorRate": 0,
    "checkRate": 1,
    "p50Ms": 154.8784995,
    "p90Ms": 375.799234,
    "p95Ms": 464.35035725,
    "p99Ms": 671.6835995000001,
    "avgMs": 182.0173418559551,
    "maxMs": 1276.395396,
    "receivedBytes": 120309487,
    "sentBytes": 12081000
  }
}
