{
  "schemaVersion": 1,
  "generatedAt": "2026-07-10T12:19:18.120Z",
  "runId": "read-50-r1",
  "scenario": "read-mix",
  "scale": "10k",
  "targetRps": 50,
  "metrics": {
    "requestCount": 6002,
    "requestRate": 49.96731604224228,
    "iterationCount": 6000,
    "iterationRate": 49.950665820302184,
    "droppedIterations": null,
    "errorRate": 0,
    "checkRate": 1,
    "p50Ms": 10.8692425,
    "p90Ms": 21.49846220000001,
    "p95Ms": 26.589370949999996,
    "p99Ms": 35.160871419999985,
    "avgMs": 13.207033439186937,
    "maxMs": 102.852492,
    "receivedBytes": 63243830,
    "sentBytes": 5915755
  }
}
