{
  "schemaVersion": 1,
  "generatedAt": "2026-07-10T12:23:35.862Z",
  "runId": "read-50-r3",
  "scenario": "read-mix",
  "scale": "10k",
  "targetRps": 50,
  "metrics": {
    "requestCount": 6002,
    "requestRate": 49.980044639450874,
    "iterationCount": 6000,
    "iterationRate": 49.96339017605885,
    "droppedIterations": null,
    "errorRate": 0,
    "checkRate": 1,
    "p50Ms": 9.302053,
    "p90Ms": 18.862804300000004,
    "p95Ms": 24.4401646,
    "p99Ms": 29.83320178999998,
    "avgMs": 11.51880444601801,
    "maxMs": 83.293526,
    "receivedBytes": 63190413,
    "sentBytes": 5915752
  }
}
