{
  "schemaVersion": 1,
  "generatedAt": "2026-07-10T12:17:06.853Z",
  "runId": "read-50-warmup",
  "scenario": "read-mix",
  "scale": "10k",
  "targetRps": 50,
  "metrics": {
    "requestCount": 1502,
    "requestRate": 49.25382152303994,
    "iterationCount": 1500,
    "iterationRate": 49.18823720676425,
    "droppedIterations": null,
    "errorRate": 0,
    "checkRate": 1,
    "p50Ms": 17.1832475,
    "p90Ms": 32.22851120000001,
    "p95Ms": 38.2128487,
    "p99Ms": 65.42735046,
    "avgMs": 19.956476247003984,
    "maxMs": 428.239791,
    "receivedBytes": 16163754,
    "sentBytes": 1480387
  }
}
