{
  "schemaVersion": 1,
  "generatedAt": "2026-07-10T12:24:21.373Z",
  "runId": "read-100-warmup",
  "scenario": "read-mix",
  "scale": "10k",
  "targetRps": 100,
  "metrics": {
    "requestCount": 3003,
    "requestRate": 99.7587268154635,
    "iterationCount": 3001,
    "iterationRate": 99.69228743696503,
    "droppedIterations": null,
    "errorRate": 0,
    "checkRate": 1,
    "p50Ms": 10.177123,
    "p90Ms": 21.988780000000016,
    "p95Ms": 25.8913191,
    "p99Ms": 32.832222400000006,
    "avgMs": 12.434221690309673,
    "maxMs": 84.211129,
    "receivedBytes": 32319274,
    "sentBytes": 2959864
  }
}
