{
  "schemaVersion": 1,
  "generatedAt": "2026-07-10T12:31:28.344Z",
  "runId": "read-200-warmup",
  "scenario": "read-mix",
  "scale": "10k",
  "targetRps": 200,
  "metrics": {
    "requestCount": 6002,
    "requestRate": 199.2015286508915,
    "iterationCount": 6000,
    "iterationRate": 199.13515026746902,
    "droppedIterations": null,
    "errorRate": 0,
    "checkRate": 1,
    "p50Ms": 10.0849975,
    "p90Ms": 25.754195400000036,
    "p95Ms": 36.88982489999999,
    "p99Ms": 144.84212076999992,
    "avgMs": 16.65674368927034,
    "maxMs": 740.760887,
    "receivedBytes": 63600087,
    "sentBytes": 5916135
  }
}
