{
  "schemaVersion": 1,
  "generatedAt": "2026-07-10T12:38:54.532Z",
  "runId": "read-400-warmup",
  "scenario": "read-mix",
  "scale": "10k",
  "targetRps": 400,
  "metrics": {
    "requestCount": 6748,
    "requestRate": 198.6924441744837,
    "iterationCount": 6746,
    "iterationRate": 198.63355489049601,
    "droppedIterations": 5255,
    "errorRate": 0,
    "checkRate": 1,
    "p50Ms": 3592.1286179999997,
    "p90Ms": 4785.1822765,
    "p95Ms": 5268.379923149999,
    "p99Ms": 6176.709765159999,
    "avgMs": 3278.5527173453015,
    "maxMs": 8504.584395,
    "receivedBytes": 69733155,
    "sentBytes": 6646690
  }
}
