{
  "schemaVersion": 1,
  "generatedAt": "2026-07-10T12:30:50.493Z",
  "runId": "read-100-r3",
  "scenario": "read-mix",
  "scale": "10k",
  "targetRps": 100,
  "metrics": {
    "requestCount": 12003,
    "requestRate": 99.9322888025637,
    "iterationCount": 12001,
    "iterationRate": 99.91563758390127,
    "droppedIterations": null,
    "errorRate": 0,
    "checkRate": 1,
    "p50Ms": 9.901475,
    "p90Ms": 22.1399382,
    "p95Ms": 26.691022899999993,
    "p99Ms": 38.64231763999997,
    "avgMs": 12.455505360743174,
    "maxMs": 96.849889,
    "receivedBytes": 126649101,
    "sentBytes": 11831323
  }
}
