{
  "schemaVersion": 1,
  "generatedAt": "2026-07-10T12:33:42.562Z",
  "runId": "read-200-r1",
  "scenario": "read-mix",
  "scale": "10k",
  "targetRps": 200,
  "metrics": {
    "requestCount": 20458,
    "requestRate": 166.9581366560866,
    "iterationCount": 20456,
    "iterationRate": 166.94181461711347,
    "droppedIterations": 3545,
    "errorRate": 0.00004888063349301007,
    "checkRate": 0.9999511193665069,
    "p50Ms": 1802.834999,
    "p90Ms": 3265.2903267,
    "p95Ms": 3773.75658605,
    "p99Ms": 4875.190425000003,
    "avgMs": 1748.2269660743045,
    "maxMs": 8071.546756,
    "receivedBytes": 216043278,
    "sentBytes": 20164244
  }
}
