{
  "schemaVersion": 1,
  "generatedAt": "2026-07-10T15:35:55.718Z",
  "runId": "auth-10-r2",
  "scenario": "auth-flow",
  "scale": "100k",
  "targetRps": 1,
  "metrics": {
    "requestCount": 92163,
    "requestRate": 767.7082375099108,
    "iterationCount": 23039,
    "iterationRate": 191.9124820588613,
    "droppedIterations": null,
    "errorRate": 0.0000759523887026247,
    "checkRate": 0.9999627990030133,
    "p50Ms": 7.983451,
    "p90Ms": 17.644812000000023,
    "p95Ms": 38.25233529999999,
    "p99Ms": 45.663016840000004,
    "avgMs": 10.485563199559323,
    "maxMs": 351.940064,
    "receivedBytes": 117029822,
    "sentBytes": 90558652
  }
}
