{
  "schemaVersion": 1,
  "generatedAt": "2026-07-10T15:49:30.072Z",
  "runId": "auth-40-r2",
  "scenario": "auth-flow",
  "scale": "100k",
  "targetRps": 1,
  "metrics": {
    "requestCount": 95749,
    "requestRate": 736.5620929389053,
    "iterationCount": 23934,
    "iterationRate": 184.1155221715084,
    "droppedIterations": null,
    "errorRate": 0.00048042277203939464,
    "checkRate": 0.9997791769866611,
    "p50Ms": 17.824439,
    "p90Ms": 78.4398582,
    "p95Ms": 81.9501592,
    "p99Ms": 90.47634868000003,
    "avgMs": 33.07867780360126,
    "maxMs": 995.513992,
    "receivedBytes": 121615277,
    "sentBytes": 94021388
  }
}
