{
  "schemaVersion": 1,
  "generatedAt": "2026-07-10T15:40:22.211Z",
  "runId": "auth-20-r1",
  "scenario": "auth-flow",
  "scale": "100k",
  "targetRps": 1,
  "metrics": {
    "requestCount": 90576,
    "requestRate": 754.5665808773144,
    "iterationCount": 22639,
    "iterationRate": 188.5999914379253,
    "droppedIterations": null,
    "errorRate": 0.00007728316551845964,
    "checkRate": 0.999955839584135,
    "p50Ms": 11.276174000000001,
    "p90Ms": 62.2528775,
    "p95Ms": 66.60058,
    "p99Ms": 71.7678905,
    "avgMs": 21.40319850946176,
    "maxMs": 572.67247,
    "receivedBytes": 115039946,
    "sentBytes": 88991412
  }
}
