{
  "schemaVersion": 1,
  "generatedAt": "2026-07-10T18:25:21.344Z",
  "runId": "auth-20-r2",
  "scenario": "auth-flow",
  "scale": "100k",
  "targetRps": 1,
  "metrics": {
    "requestCount": 81836,
    "requestRate": 681.7347858903624,
    "iterationCount": 20454,
    "iterationRate": 170.39204397333046,
    "droppedIterations": null,
    "errorRate": 0.00017107385502712744,
    "checkRate": 0.9999022469242693,
    "p50Ms": 10.9388515,
    "p90Ms": 57.4778465,
    "p95Ms": 62.730630250000004,
    "p99Ms": 69.81387659999997,
    "avgMs": 18.740020326983295,
    "maxMs": 432.301126,
    "receivedBytes": 105124377,
    "sentBytes": 82767498
  }
}
