{
  "schemaVersion": 1,
  "generatedAt": "2026-07-10T18:14:11.801Z",
  "runId": "auth-5-r3",
  "scenario": "auth-flow",
  "scale": "100k",
  "targetRps": 1,
  "metrics": {
    "requestCount": 58221,
    "requestRate": 485.09782527358203,
    "iterationCount": 14554,
    "iterationRate": 121.26404130866376,
    "droppedIterations": null,
    "errorRate": 0.00006870373233025884,
    "checkRate": 0.9999607412060302,
    "p50Ms": 8.259433,
    "p90Ms": 9.872036,
    "p95Ms": 10.555499,
    "p99Ms": 13.449365800000049,
    "avgMs": 7.947796648219727,
    "maxMs": 101.419106,
    "receivedBytes": 74771912,
    "sentBytes": 58897068
  }
}
