{
  "schemaVersion": 1,
  "generatedAt": "2026-07-10T18:31:56.010Z",
  "runId": "auth-40-r2",
  "scenario": "auth-flow",
  "scale": "100k",
  "targetRps": 1,
  "metrics": {
    "requestCount": 88708,
    "requestRate": 738.456582964267,
    "iterationCount": 22167,
    "iterationRate": 184.53089997033985,
    "droppedIterations": null,
    "errorRate": 0.0001916399873743067,
    "checkRate": 0.9998904984895233,
    "p50Ms": 31.085206,
    "p90Ms": 84.31652860000001,
    "p95Ms": 91.8394903,
    "p99Ms": 100.38192775999997,
    "avgMs": 47.56649875518547,
    "maxMs": 1012.150166,
    "receivedBytes": 113982718,
    "sentBytes": 89701389
  }
}
