{
  "schemaVersion": 1,
  "generatedAt": "2026-07-10T18:27:41.551Z",
  "runId": "auth-20-r3",
  "scenario": "auth-flow",
  "scale": "100k",
  "targetRps": 1,
  "metrics": {
    "requestCount": 82740,
    "requestRate": 636.4904300547239,
    "iterationCount": 20680,
    "iterationRate": 159.08414422929283,
    "droppedIterations": null,
    "errorRate": 0.00013294657964708727,
    "checkRate": 0.999930938749577,
    "p50Ms": 13.3211035,
    "p90Ms": 60.9900697,
    "p95Ms": 65.0333669,
    "p99Ms": 71.83072495,
    "avgMs": 23.972805953940167,
    "maxMs": 551.574271,
    "receivedBytes": 106287887,
    "sentBytes": 83685180
  }
}
