{
  "schemaVersion": 1,
  "generatedAt": "2026-07-10T18:16:22.896Z",
  "runId": "auth-10-r1",
  "scenario": "auth-flow",
  "scale": "100k",
  "targetRps": 1,
  "metrics": {
    "requestCount": 58696,
    "requestRate": 489.05690735487315,
    "iterationCount": 14676,
    "iterationRate": 122.28089090125594,
    "droppedIterations": null,
    "errorRate": 0.0002725909772386534,
    "checkRate": 0.9999026384967384,
    "p50Ms": 9.101207500000001,
    "p90Ms": 19.6185265,
    "p95Ms": 40.342183500000004,
    "p99Ms": 46.65418855000002,
    "avgMs": 11.854544124642132,
    "maxMs": 282.523117,
    "receivedBytes": 75379474,
    "sentBytes": 59361510
  }
}
