{
  "schemaVersion": 1,
  "generatedAt": "2026-07-10T18:03:27.354Z",
  "runId": "auth-1-r1",
  "scenario": "auth-flow",
  "scale": "100k",
  "targetRps": 1,
  "metrics": {
    "requestCount": 13169,
    "requestRate": 109.74187599380804,
    "iterationCount": 3292,
    "iterationRate": 27.433385661144815,
    "droppedIterations": null,
    "errorRate": 0,
    "checkRate": 1,
    "p50Ms": 8.401428,
    "p90Ms": 11.724936000000003,
    "p95Ms": 14.159551199999985,
    "p99Ms": 22.023275639999998,
    "avgMs": 8.823456771356984,
    "maxMs": 406.311115,
    "receivedBytes": 16912889,
    "sentBytes": 13322946
  }
}
