{
  "schemaVersion": 1,
  "generatedAt": "2026-07-10T18:12:04.972Z",
  "runId": "auth-5-r2",
  "scenario": "auth-flow",
  "scale": "100k",
  "targetRps": 1,
  "metrics": {
    "requestCount": 51110,
    "requestRate": 425.8449940016509,
    "iterationCount": 12777,
    "iterationRate": 106.45708253490695,
    "droppedIterations": null,
    "errorRate": 0.00011739385638818235,
    "checkRate": 0.9999440978511214,
    "p50Ms": 8.1913015,
    "p90Ms": 10.1887019,
    "p95Ms": 10.985353349999999,
    "p99Ms": 14.042889629999964,
    "avgMs": 7.964016600039101,
    "maxMs": 108.169692,
    "receivedBytes": 65638263,
    "sentBytes": 51700482
  }
}
