{
  "schemaVersion": 1,
  "generatedAt": "2026-07-10T18:21:00.528Z",
  "runId": "auth-10-r3",
  "scenario": "auth-flow",
  "scale": "100k",
  "targetRps": 1,
  "metrics": {
    "requestCount": 74959,
    "requestRate": 576.6346671975821,
    "iterationCount": 18735,
    "iterationRate": 144.12212662851292,
    "droppedIterations": null,
    "errorRate": 0.0000266812524179885,
    "checkRate": 0.9999847541221042,
    "p50Ms": 9.434539,
    "p90Ms": 32.5123468,
    "p95Ms": 41.4134525,
    "p99Ms": 47.21650919999999,
    "avgMs": 12.690198936391855,
    "maxMs": 193.369032,
    "receivedBytes": 96278764,
    "sentBytes": 75829806
  }
}
