{
  "schemaVersion": 1,
  "generatedAt": "2026-07-10T18:07:47.249Z",
  "runId": "auth-1-r3",
  "scenario": "auth-flow",
  "scale": "100k",
  "targetRps": 1,
  "metrics": {
    "requestCount": 13957,
    "requestRate": 116.2876188967082,
    "iterationCount": 3489,
    "iterationRate": 29.069821761883993,
    "droppedIterations": null,
    "errorRate": 0,
    "checkRate": 1,
    "p50Ms": 7.717624,
    "p90Ms": 9.5274558,
    "p95Ms": 10.400576199999998,
    "p99Ms": 12.794085880000017,
    "avgMs": 7.5052956127391415,
    "maxMs": 93.993987,
    "receivedBytes": 17924833,
    "sentBytes": 14120205
  }
}
