{
  "schemaVersion": 1,
  "generatedAt": "2026-07-10T16:57:13.096Z",
  "runId": "read-10-r2",
  "scenario": "read-mix",
  "scale": "100k",
  "targetRps": 10,
  "metrics": {
    "requestCount": 1203,
    "requestRate": 10.01464090226914,
    "iterationCount": 1201,
    "iterationRate": 9.997991457710087,
    "droppedIterations": null,
    "errorRate": 0,
    "checkRate": 1,
    "p50Ms": 16.228342,
    "p90Ms": 49.70460479999999,
    "p95Ms": 226.28781639999994,
    "p99Ms": 361.28403680000025,
    "avgMs": 36.372642234413924,
    "maxMs": 531.655559,
    "receivedBytes": 27589386,
    "sentBytes": 1220623
  }
}
