{
  "schemaVersion": 1,
  "generatedAt": "2026-07-10T16:59:28.564Z",
  "runId": "read-10-r3",
  "scenario": "read-mix",
  "scale": "100k",
  "targetRps": 10,
  "metrics": {
    "requestCount": 1203,
    "requestRate": 10.015184275630606,
    "iterationCount": 1201,
    "iterationRate": 9.998533927707696,
    "droppedIterations": null,
    "errorRate": 0,
    "checkRate": 1,
    "p50Ms": 13.437329,
    "p90Ms": 49.3521102,
    "p95Ms": 224.53589579999985,
    "p99Ms": 284.64007452000004,
    "avgMs": 34.07571929842064,
    "maxMs": 445.847353,
    "receivedBytes": 27621080,
    "sentBytes": 1220685
  }
}
