{
  "schemaVersion": 1,
  "generatedAt": "2026-07-10T17:06:46.990Z",
  "runId": "read-20-r3",
  "scenario": "read-mix",
  "scale": "100k",
  "targetRps": 20,
  "metrics": {
    "requestCount": 2403,
    "requestRate": 19.969319710929724,
    "iterationCount": 2401,
    "iterationRate": 19.95269938657606,
    "droppedIterations": null,
    "errorRate": 0,
    "checkRate": 1,
    "p50Ms": 10.430218,
    "p90Ms": 43.4348862,
    "p95Ms": 210.25710570000004,
    "p99Ms": 251.33476232,
    "avgMs": 29.399757695796943,
    "maxMs": 403.811523,
    "receivedBytes": 51865555,
    "sentBytes": 2438037
  }
}
