{
  "schemaVersion": 1,
  "generatedAt": "2026-07-10T17:00:13.024Z",
  "runId": "read-20-warmup",
  "scenario": "read-mix",
  "scale": "100k",
  "targetRps": 20,
  "metrics": {
    "requestCount": 603,
    "requestRate": 20.00933951551072,
    "iterationCount": 601,
    "iterationRate": 19.942973546968396,
    "droppedIterations": null,
    "errorRate": 0,
    "checkRate": 1,
    "p50Ms": 12.334806,
    "p90Ms": 46.023278600000005,
    "p95Ms": 214.85787939999997,
    "p99Ms": 254.2311822,
    "avgMs": 31.99998869154226,
    "maxMs": 378.425406,
    "receivedBytes": 12188298,
    "sentBytes": 611641
  }
}
