{
  "schemaVersion": 1,
  "generatedAt": "2026-07-10T12:56:30.790Z",
  "runId": "read-50-r3",
  "scenario": "read-mix",
  "scale": "100k",
  "targetRps": 50,
  "metrics": {
    "requestCount": 2917,
    "requestRate": 23.468321352735906,
    "iterationCount": 2915,
    "iterationRate": 23.45223062846252,
    "droppedIterations": 3085,
    "errorRate": 0,
    "checkRate": 1,
    "p50Ms": 3474.487726,
    "p90Ms": 7590.8696116,
    "p95Ms": 8904.114015999992,
    "p99Ms": 11591.245379840002,
    "avgMs": 3928.9560779886915,
    "maxMs": 16074.331823,
    "receivedBytes": 52001393,
    "sentBytes": 2873088
  }
}
