{
  "schemaVersion": 1,
  "generatedAt": "2026-07-10T13:04:20.873Z",
  "runId": "read-100-r3",
  "scenario": "read-mix",
  "scale": "100k",
  "targetRps": 100,
  "metrics": {
    "requestCount": 3666,
    "requestRate": 28.434949424235537,
    "iterationCount": 3664,
    "iterationRate": 28.41943663131451,
    "droppedIterations": 8336,
    "errorRate": 0,
    "checkRate": 1,
    "p50Ms": 5786.799353,
    "p90Ms": 12089.3576625,
    "p95Ms": 14387.34305575,
    "p99Ms": 19401.710072999995,
    "avgMs": 6578.782995207021,
    "maxMs": 30282.855321,
    "receivedBytes": 73675088,
    "sentBytes": 3606514
  }
}
