{
  "schemaVersion": 1,
  "generatedAt": "2026-07-10T13:02:03.772Z",
  "runId": "read-100-r2",
  "scenario": "read-mix",
  "scale": "100k",
  "targetRps": 100,
  "metrics": {
    "requestCount": 3485,
    "requestRate": 26.904221289824715,
    "iterationCount": 3483,
    "iterationRate": 26.88878127760674,
    "droppedIterations": 8519,
    "errorRate": 0,
    "checkRate": 1,
    "p50Ms": 6077.298611,
    "p90Ms": 13195.6325074,
    "p95Ms": 15790.292090199999,
    "p99Ms": 21765.84156968,
    "avgMs": 6909.8412039862205,
    "maxMs": 36951.679175,
    "receivedBytes": 71096868,
    "sentBytes": 3427813
  }
}
