{
  "schemaVersion": 1,
  "generatedAt": "2026-07-10T19:06:04.930Z",
  "runId": "soak",
  "scenario": "soak",
  "scale": "10k",
  "targetRps": 1,
  "metrics": {
    "requestCount": 251971,
    "requestRate": 139.94637671393778,
    "iterationCount": 251969,
    "iterationRate": 139.9452659005766,
    "droppedIterations": 32,
    "errorRate": 0.00001587484273983911,
    "checkRate": 0.9999841251572602,
    "p50Ms": 7.443514,
    "p90Ms": 11.940263,
    "p95Ms": 13.92732,
    "p99Ms": 19.66240019999998,
    "avgMs": 8.723435830186794,
    "maxMs": 2921.31475,
    "receivedBytes": 2548666942,
    "sentBytes": 255684645
  }
}
