{
  "schemaVersion": 1,
  "generatedAt": "2026-07-10T17:18:08.533Z",
  "runId": "write-contention",
  "scenario": "write-contention",
  "scale": "100k",
  "targetRps": 1,
  "metrics": {
    "requestCount": 38939,
    "requestRate": 293.7783856401949,
    "iterationCount": 38936,
    "iterationRate": 293.755751901349,
    "droppedIterations": null,
    "errorRate": 0.004699658440124297,
    "checkRate": 0.9953003415598757,
    "p50Ms": 43.013616,
    "p90Ms": 105.2130288,
    "p95Ms": 141.6997728,
    "p99Ms": 235.86187568000037,
    "avgMs": 58.16346094660876,
    "maxMs": 624.723229,
    "receivedBytes": 18120549,
    "sentBytes": 40565376
  }
}
